Microsoft Windows [Version 10.0.22621.3155](c) Microsoft Corporation. All rights reserved.C:\Program Files\MySQL\MySQL Server 8.0\bin>mysql -u root -p -h localhostEnter password: ****Welcome to the MySQL monitor.  Commands end with ; or \g.Your MySQL connection id is 8Server version: 8.0.35 MySQL Community Server - GPLCopyright (c) 2000, 2023, Oracle and/or its affiliates.Oracle is a registered trademark of Oracle Corporation and/or itsaffiliates. Other names may be trademarks of their respectiveowners.Type 'help;' or '\h' for help. Type '\c' to clear the current input statement.mysql> show databases;+--------------------+| Database           |+--------------------+| information_schema || mysql              || performance_schema || sanket             || sys                |+--------------------+5 rows in set (0.01 sec)mysql> use sanket;Database changedmysql> show tables;+------------------+| Tables_in_sanket |+------------------+| first            |+------------------+1 row in set (0.00 sec)mysql> select * from first;Empty set (0.01 sec)mysql> desc first;+-------+--------------+------+-----+---------+-------+| Field | Type         | Null | Key | Default | Extra |+-------+--------------+------+-----+---------+-------+| id    | int          | NO   | PRI | NULL    |       || Name  | varchar(100) | NO   |     | NULL    |       || Age   | int          | NO   |     | NULL    |       || City  | varchar(100) | YES  |     | NULL    |       |+-------+--------------+------+-----+---------+-------+4 rows in set (0.00 sec)mysql> create table student;ERROR 4028 (HY000): A table must have at least one visible column.mysql> create table student(roll_no int primary key, f_name varchar(20) not null, l_name varchar(20) not null, contact bigint unique,city varchar(20) default='Mumbai' );ERROR 1064 (42000): You have an error in your SQL syntax; check the manual that corresponds to your MySQL server version for the right syntax to use near '='Mumbai' )' at line 1mysql> create table student(roll_no int primary key, f_name varchar(20) not null, l_name varchar(20) not null, contact bigint unique,city varchar(20) default=Mumbai );ERROR 1064 (42000): You have an error in your SQL syntax; check the manual that corresponds to your MySQL server version for the right syntax to use near '=Mumbai )' at line 1mysql> create table student(roll_no int primary key, f_name varchar(20) not null, l_name varchar(20) not null, contact bigint unique,city varchar(20) default 'Mumbai' );Query OK, 0 rows affected (1.39 sec)mysql> desc student;+---------+-------------+------+-----+---------+-------+| Field   | Type        | Null | Key | Default | Extra |+---------+-------------+------+-----+---------+-------+| roll_no | int         | NO   | PRI | NULL    |       || f_name  | varchar(20) | NO   |     | NULL    |       || l_name  | varchar(20) | NO   |     | NULL    |       || contact | bigint      | YES  | UNI | NULL    |       || city    | varchar(20) | YES  |     | Mumbai  |       |+---------+-------------+------+-----+---------+-------+5 rows in set (0.00 sec)mysql> alter table roll_no auto_inrecement;ERROR 1064 (42000): You have an error in your SQL syntax; check the manual that corresponds to your MySQL server version for the right syntax to use near 'auto_inrecement' at line 1mysql> alter table column roll_no auto_inrecement;ERROR 1064 (42000): You have an error in your SQL syntax; check the manual that corresponds to your MySQL server version for the right syntax to use near 'column roll_no auto_inrecement' at line 1mysql> alter table column roll_no auto_inrecement;ERROR 1064 (42000): You have an error in your SQL syntax; check the manual that corresponds to your MySQL server version for the right syntax to use near 'column roll_no auto_inrecement' at line 1mysql> alter table student roll_no auto_inrecement;ERROR 1064 (42000): You have an error in your SQL syntax; check the manual that corresponds to your MySQL server version for the right syntax to use near 'roll_no auto_inrecement' at line 1mysql> alter roll_no auto_inrecement;ERROR 1064 (42000): You have an error in your SQL syntax; check the manual that corresponds to your MySQL server version for the right syntax to use near 'roll_no auto_inrecement' at line 1mysql> alter student roll_no auto_inrecement;ERROR 1064 (42000): You have an error in your SQL syntax; check the manual that corresponds to your MySQL server version for the right syntax to use near 'student roll_no auto_inrecement' at line 1mysql> alter student column roll_no auto_inrecement;ERROR 1064 (42000): You have an error in your SQL syntax; check the manual that corresponds to your MySQL server version for the right syntax to use near 'student column roll_no auto_inrecement' at line 1mysql> alter table student column roll_no auto_inrecement;ERROR 1064 (42000): You have an error in your SQL syntax; check the manual that corresponds to your MySQL server version for the right syntax to use near 'column roll_no auto_inrecement' at line 1mysql> alter table student modify roll_no auto_inrecement;ERROR 1064 (42000): You have an error in your SQL syntax; check the manual that corresponds to your MySQL server version for the right syntax to use near 'auto_inrecement' at line 1mysql> alter table student auto_inrecement;ERROR 1064 (42000): You have an error in your SQL syntax; check the manual that corresponds to your MySQL server version for the right syntax to use near 'auto_inrecement' at line 1mysql> alter table student auto_inrecement = 1;ERROR 1064 (42000): You have an error in your SQL syntax; check the manual that corresponds to your MySQL server version for the right syntax to use near 'auto_inrecement = 1' at line 1mysql> alter table roll_no auto_inrecement = 1;ERROR 1064 (42000): You have an error in your SQL syntax; check the manual that corresponds to your MySQL server version for the right syntax to use near 'auto_inrecement = 1' at line 1mysql> alter table student auto_inrecement = 1;ERROR 1064 (42000): You have an error in your SQL syntax; check the manual that corresponds to your MySQL server version for the right syntax to use near 'auto_inrecement = 1' at line 1mysql> alter table student modify column roll_no int primary key auto_increment;ERROR 1068 (42000): Multiple primary key definedmysql> alter table student modify column roll_no int auto_increment;Query OK, 0 rows affected (0.04 sec)Records: 0  Duplicates: 0  Warnings: 0mysql> desc student;+---------+-------------+------+-----+---------+----------------+| Field   | Type        | Null | Key | Default | Extra          |+---------+-------------+------+-----+---------+----------------+| roll_no | int         | NO   | PRI | NULL    | auto_increment || f_name  | varchar(20) | NO   |     | NULL    |                || l_name  | varchar(20) | NO   |     | NULL    |                || contact | bigint      | YES  | UNI | NULL    |                || city    | varchar(20) | YES  |     | Mumbai  |                |+---------+-------------+------+-----+---------+----------------+5 rows in set (0.00 sec)mysql> alter table student auto_increment = 1;Query OK, 0 rows affected (0.01 sec)Records: 0  Duplicates: 0  Warnings: 0mysql> desc student;+---------+-------------+------+-----+---------+----------------+| Field   | Type        | Null | Key | Default | Extra          |+---------+-------------+------+-----+---------+----------------+| roll_no | int         | NO   | PRI | NULL    | auto_increment || f_name  | varchar(20) | NO   |     | NULL    |                || l_name  | varchar(20) | NO   |     | NULL    |                || contact | bigint      | YES  | UNI | NULL    |                || city    | varchar(20) | YES  |     | Mumbai  |                |+---------+-------------+------+-----+---------+----------------+5 rows in set (0.00 sec)mysql> insert into student(f_name,l_name,contact) values ('aa','bb','1111111111'),('bb','cc','2222222222'),('cc','dd','3333333333'),('ee','ff',4444444444),('ff','gg','5555555555');Query OK, 5 rows affected (0.00 sec)Records: 5  Duplicates: 0  Warnings: 0mysql> select * fron student;ERROR 1064 (42000): You have an error in your SQL syntax; check the manual that corresponds to your MySQL server version for the right syntax to use near 'fron student' at line 1mysql> select * from student;+---------+--------+--------+------------+--------+| roll_no | f_name | l_name | contact    | city   |+---------+--------+--------+------------+--------+|       1 | aa     | bb     | 1111111111 | Mumbai ||       2 | bb     | cc     | 2222222222 | Mumbai ||       3 | cc     | dd     | 3333333333 | Mumbai ||       4 | ee     | ff     | 4444444444 | Mumbai ||       5 | ff     | gg     | 5555555555 | Mumbai |+---------+--------+--------+------------+--------+5 rows in set (0.00 sec)mysql> alter table roll_no auto_increment = 10;ERROR 1146 (42S02): Table 'sanket.roll_no' doesn't existmysql> alter table auto_increment = 10;ERROR 1064 (42000): You have an error in your SQL syntax; check the manual that corresponds to your MySQL server version for the right syntax to use near '= 10' at line 1mysql> alter table student auto_increment = 10;Query OK, 0 rows affected (0.01 sec)Records: 0  Duplicates: 0  Warnings: 0mysql> select * from student;+---------+--------+--------+------------+--------+| roll_no | f_name | l_name | contact    | city   |+---------+--------+--------+------------+--------+|       1 | aa     | bb     | 1111111111 | Mumbai ||       2 | bb     | cc     | 2222222222 | Mumbai ||       3 | cc     | dd     | 3333333333 | Mumbai ||       4 | ee     | ff     | 4444444444 | Mumbai ||       5 | ff     | gg     | 5555555555 | Mumbai |+---------+--------+--------+------------+--------+5 rows in set (0.00 sec)mysql> insert into student(f_name,l_name,contact) values ('gg','hh','6666666666'),('hh','ii','7777777777');Query OK, 2 rows affected (0.00 sec)Records: 2  Duplicates: 0  Warnings: 0mysql> select * from student;+---------+--------+--------+------------+--------+| roll_no | f_name | l_name | contact    | city   |+---------+--------+--------+------------+--------+|       1 | aa     | bb     | 1111111111 | Mumbai ||       2 | bb     | cc     | 2222222222 | Mumbai ||       3 | cc     | dd     | 3333333333 | Mumbai ||       4 | ee     | ff     | 4444444444 | Mumbai ||       5 | ff     | gg     | 5555555555 | Mumbai ||      10 | gg     | hh     | 6666666666 | Mumbai ||      11 | hh     | ii     | 7777777777 | Mumbai |+---------+--------+--------+------------+--------+7 rows in set (0.00 sec)mysql> select table student.f_name , student.contact from student;ERROR 1064 (42000): You have an error in your SQL syntax; check the manual that corresponds to your MySQL server version for the right syntax to use near 'table student.f_name , student.contact from student' at line 1mysql> select student.f_name , student.contact from student;+--------+------------+| f_name | contact    |+--------+------------+| aa     | 1111111111 || bb     | 2222222222 || cc     | 3333333333 || ee     | 4444444444 || ff     | 5555555555 || gg     | 6666666666 || hh     | 7777777777 |+--------+------------+7 rows in set (0.00 sec)mysql> delete from student where roll_no = 10 & roll_no = 11;Query OK, 0 rows affected (0.00 sec)mysql> select * from student;+---------+--------+--------+------------+--------+| roll_no | f_name | l_name | contact    | city   |+---------+--------+--------+------------+--------+|       1 | aa     | bb     | 1111111111 | Mumbai ||       2 | bb     | cc     | 2222222222 | Mumbai ||       3 | cc     | dd     | 3333333333 | Mumbai ||       4 | ee     | ff     | 4444444444 | Mumbai ||       5 | ff     | gg     | 5555555555 | Mumbai ||      10 | gg     | hh     | 6666666666 | Mumbai ||      11 | hh     | ii     | 7777777777 | Mumbai |+---------+--------+--------+------------+--------+7 rows in set (0.00 sec)mysql> delete from student where roll_no = 11;Query OK, 1 row affected (0.00 sec)mysql> select * from student;+---------+--------+--------+------------+--------+| roll_no | f_name | l_name | contact    | city   |+---------+--------+--------+------------+--------+|       1 | aa     | bb     | 1111111111 | Mumbai ||       2 | bb     | cc     | 2222222222 | Mumbai ||       3 | cc     | dd     | 3333333333 | Mumbai ||       4 | ee     | ff     | 4444444444 | Mumbai ||       5 | ff     | gg     | 5555555555 | Mumbai ||      10 | gg     | hh     | 6666666666 | Mumbai |+---------+--------+--------+------------+--------+6 rows in set (0.00 sec)mysql> insert into student (f_name,l_name,contact) values ('hh','ii',7777777777);Query OK, 1 row affected (0.01 sec)mysql> select * from student;+---------+--------+--------+------------+--------+| roll_no | f_name | l_name | contact    | city   |+---------+--------+--------+------------+--------+|       1 | aa     | bb     | 1111111111 | Mumbai ||       2 | bb     | cc     | 2222222222 | Mumbai ||       3 | cc     | dd     | 3333333333 | Mumbai ||       4 | ee     | ff     | 4444444444 | Mumbai ||       5 | ff     | gg     | 5555555555 | Mumbai ||      10 | gg     | hh     | 6666666666 | Mumbai ||      12 | hh     | ii     | 7777777777 | Mumbai |+---------+--------+--------+------------+--------+7 rows in set (0.00 sec)mysql> truncate table student;Query OK, 0 rows affected (0.02 sec)mysql> select * from student;Empty set (0.00 sec)mysql> insert into student(f_name,l_name,contact) values ('aa','bb','1111111111'),('bb','cc','2222222222'),('cc','dd','3333333333'),('ee','ff',4444444444),('ff','gg','5555555555');Query OK, 5 rows affected (0.00 sec)Records: 5  Duplicates: 0  Warnings: 0mysql> select * from first;Empty set (0.00 sec)mysql> select * from student;+---------+--------+--------+------------+--------+| roll_no | f_name | l_name | contact    | city   |+---------+--------+--------+------------+--------+|       1 | aa     | bb     | 1111111111 | Mumbai ||       2 | bb     | cc     | 2222222222 | Mumbai ||       3 | cc     | dd     | 3333333333 | Mumbai ||       4 | ee     | ff     | 4444444444 | Mumbai ||       5 | ff     | gg     | 5555555555 | Mumbai |+---------+--------+--------+------------+--------+5 rows in set (0.00 sec)mysql>